{
    "0": {
        "precision": 0.9827893175074184,
        "recall": 0.9746909947027663,
        "f1-score": 0.9787234042553191,
        "support": 1699.0
    },
    "1": {
        "precision": 0.873900293255132,
        "recall": 0.9113149847094801,
        "f1-score": 0.8922155688622755,
        "support": 327.0
    },
    "accuracy": 0.9644619940769991,
    "macro avg": {
        "precision": 0.9283448053812752,
        "recall": 0.9430029897061232,
        "f1-score": 0.9354694865587974,
        "support": 2026.0
    },
    "weighted avg": {
        "precision": 0.9652144355081599,
        "recall": 0.9644619940769991,
        "f1-score": 0.9647608859070835,
        "support": 2026.0
    }
}